Frequency,Nominal,Min,Max
0.8,-10.11669948337095,-10.728865718677811,-9.51467052222481
0.8186343938246033,-10.352383971213042,-10.978816385126796,-9.736325852470827
0.8377028384407197,-10.593560851929182,-11.234592246458131,-9.963146358207592
0.8572154441900852,-10.840358245368039,-11.496329210113004,-10.195252506275702
0.877182556914548,-11.092907268905737,-11.764166364974551,-10.432767580574145
0.8976147634415708,-11.351342108203353,-12.038246056582974,-10.675817748460455
0.9185228971975062,-11.615800089677425,-12.3187139641786,-10.924532128752224
0.9399180439516236,-11.886421754727381,-12.605719179620145,-11.179042861370714
0.9618115476939303,-12.16335093576547,-12.899414288227044,-11.439485178668878
0.9842150166499052,-12.446734834095619,-13.199955451595656,-11.705997478486921
1.0071403294353336,-12.736724099689297,-13.507502492440903,-11.978721398979992
1.0305996413545069,-13.033472912907614,-13.822218981515983,-12.257801895263825
1.0546053908451254,-13.337139068220289,-14.144272326664463,-12.543387317925305
1.0791703060733226,-13.647884059973457,-14.473833864060177,-12.83562949344636
1.1043074116823075,-13.965873170259822,-14.81107895169201,-13.134683806591047
1.130030035698203,-14.291275558945822,-15.156187065151835,-13.440709284806728
1.1563518165967415,-14.624264355912153,-15.509341895785308,-13.753868684691946
1.1832867105345652,-14.965016755565014,-15.870731451266444,-14.074328580584789
1.2108489987489657,-15.313714113677248,-16.24054815865825,-14.402259455327094
1.2390532951299842,-15.670542046619545,-16.61898897002265,-14.737835793261082
1.2679145539688899,-16.035690533043113,-17.006255470644092,-15.081236175516457
1.297448077887143,-16.40935401807678,-17.402553989931977,-15.432643377647466
1.3276695259500473,-16.791731520102108,-17.80809571506778,-15.792244469680455
1.3585949219693942,-17.183026740171304,-18.22309680746301,-16.160230918633978
1.390240662999499,-17.583448174133533,-18.64777852209444,-16.536798693574514
1.4226235280311368,-17.993209227535505,-19.08236732978256,-16.922148373271906
1.4557606868879853,-18.412528333362765,-19.527095042478415,-17.316485256519517
1.4896697093302924,-18.84162907268787,-19.98219894162306,-17.72001947518485
1.5243685743705961,-19.280740298291178,-20.44792190964135,-18.132966110056792
1.5598756798064346,-19.730096261319122,-20.92451256462934,-18.55554530955572
1.596209851975102,-20.189936741042928,-21.412225398290687,-18.987982411372734
1.6333903557356217,-20.660507177778772,-21.911320917172578,-19.43050806710338
1.6714369046832298,-21.14205880902694,-22.422065787245373,-19.883358369940193
1.7103696716017838,-21.634848808883326,-22.944732981862145,-20.346774985486476
1.75020929915964,-22.139140430771047,-23.47960193312472,-20.821005285751276
1.7909769108546696,-22.655203153533297,-24.02695868667046,-21.306302486381803
1.8326941222142161,-23.183312830919135,-24.587096059879283,-21.80292578718479
1.8753830522559354,-23.72375184448399,-25.16031380348263,-22.311140515982878
1.91906633521559,-24.27680925991251,-25.746918766534364,-22.831218275843618
1.9637671325480217,-24.842780986756015,-26.34722506467749,-23.363437095710367
2.0095091452076614,-25.4219699415566,-26.961554251609996,-23.908081584451825
2.0563166262150885,-26.014686214307208,-27.590235493615804,-24.465443088333387
2.104214393516303,-26.62124723816809,-28.2336057469831,-25.035819851895894
2.1532278431415297,-27.24197796232716,-28.892009938080832,-25.619517182207133
2.2033829626705304,-27.877211027851644,-29.565801145802585,-26.21684761642561
2.2547063450115603,-28.527286946330968,-30.255340786015196,-26.828131092587192
2.307225202501282,-29.192554281055422,-30.960998797565367,-27.45369512348902
2.3609673813331056,-29.8733698304091,-31.683153829297993,-28.093874973503233
2.4159613763216097,-30.57009881307811,-32.422193427424375,-28.749013838102815
2.472236346010869,-31.283115054584854,-33.178514222443674,-29.419463025823017
2.5298221281347,-32.01280117455211,-33.952522114663054,-30.10558214231242
2.5887492554370226,-32.75954877397748,-34.74463245717978,-30.807739276045577
2.6490489718607253,-33.52375862165317,-35.55527023497581,-31.52631118517425
2.710753249113617,-34.305840838698714,-36.38487023852983,-32.26168348488154
2.7738948036202493,-35.106215079977595,-37.23387723006839,-33.014250834473096
2.8385071138685998,-35.92531071094311,-38.102746100249256,-33.78441712328689
2.904624438160807,-36.763566978195776,-38.99194201269424,-34.57259565432641
2.972281832777376,-37.62143317173253,-39.901940533355216,-35.37920932431599
3.041515170564485,-38.4993687765182,-40.83322774120175,-36.20469079863966
3.11236115995424,-39.397843610609826,-41.786300316151205,-37.0494826793491
3.184857364427973,-40.317337946602706,-42.76166559951617,-37.9140376641087
3.259042222432897,-41.25834261264157,-43.759841621509665,-38.79881869358038
3.334955067762678,-42.22135906863812,-44.78135708951459,-39.70429908433034
3.412636150412736,-43.20689945265117,-45.826751329883606,-40.63096264385815
3.492126657921322,-44.21548659160862,-46.8965741749753,-41.57930376379774
3.573468737207699,-45.247653969669415,-47.99138578594443,-42.54982748671175
3.656705516918994,-46.30394564653103,-49.11175640047678,-43.54304954118481
3.741881130297579,-47.38491611687132,-50.258265993184125,-44.559496339111305
3.8290407385811003,-48.491130100864794,-51.431503834745754,-45.5997049281553
3.918230554947563,-49.62316225431995,-52.63206793409124,-46.66422289132748
4.009497869018172,-50.78159678544192,-53.86056434596822,-47.75360818446397
4.102891071930912,-51.967026963522116,-55.11760632412458,-48.86842890109495
4.198459681998174,-53.18005450299425,-56.40381329807262,-50.009262952749545
4.296254370962015,-54.42128880427031,-57.719809649004276,-51.17669765114692
4.396326990860989,-55.6913460305888,-59.06622325792131,-52.371329176967954
4.498730601522785,-56.990847997781,-60.44368379647238,-53.593761917984374
4.603519498697247,-58.3204208514113,-61.85282072840379,-54.844607657243394
4.710749242844703,-59.6806935032061,-63.29426098700897,-56.12448458977408
4.820476688594853,-61.07229579610048,-64.76862629159999,-57.43401614391078
4.932760014891849,-62.495856364664114,-66.27653006394702,-58.77382958084425
5.047658755841537,-63.95200015520515,-67.81857390399436,-60.14455434344892
5.165233832277235,-65.44134556759863,-69.39534358315171,-61.54682012284729
5.285547584060759,-66.96450117898613,-71.00740451330634,-62.9812546086293
5.408663803135845,-68.52206200811113,-72.65529665066964,-64.44848088623918
5.5346477673514825,-70.11460527839974,-74.33952879596791,-65.94911444289153
5.6635662750730935,-71.74268563821047,-76.06057225665471,-67.48375974163162
5.79548768059991,-73.40682979824675,-77.81885384313854,-69.0530063219922
5.930481930407329,-75.10753054927122,-79.61474817987964,-70.65742438534086
6.068620600233459,-76.84524012834673,-81.44856932401711,-72.29755982371351
6.209976933029522,-78.62036290923555,-83.32056169932895,-73.9739286529909
6.3546258777942395,-80.43324740272412,-85.23089037213158,-75.6870108150315
6.502644129312781,-82.28417756589718,-87.17963071844586,-77.4372433191934
6.654110168821354,-84.17336343613555,-89.16675755849225,-79.225012701958
6.809104305618997,-86.10093112614936,-91.19213386524501,-81.05064679450685
6.9677087196486305,-88.06691224087947,-93.25549918802311,-82.9144058024969
7.130007505069949,-90.07123280562416,-95.35645796926062,-84.81647272027011
7.296086714847262,-92.113701827085,-97.49446797162841,-86.75694312359745
7.466034406375912,-94.19399964468575,-99.66882907209919,-88.73581441092712
7.639940688171471,-96.31166626767487,-101.87867271743951,-90.75297459294877
7.8178977676464685,-98.46608993293593,-104.12295236961216,-92.80819076380651
7.999999999999982,-100.65649615742825,-106.40043529694984,-94.90109742390499
8.186343938246015,-102.88193759564089,-108.70969608472258,-97.03118486299088
8.377028384407177,-105.14128504382688,-111.04911224379077,-99.19778785167401
8.572154441900832,-107.4332199562248,-113.416862285504,-101.40007492795797
8.77182556914546,-109.75622885091586,-115.81092660241426,-103.63703860040673
8.976147634415685,-112.10859998137049,-118.2290914460482,-105.90748681862189
9.18522897197504,-114.48842263136349,-120.66895622435966,-108.21003608179653
9.399180439516213,-116.89358935363626,-123.12794425338916,-110.54310656416772
9.618115476939279,-119.32180141523902,-125.6033169925096,-112.9049196292435
9.842150166499026,-121.77057763492923,-128.09219167449723,-115.29349808014814
10.071403294353312,-124.23726670185364,-130.59156211614692,-117.706669449443
10.305996413545044,-126.71906295316205,-133.098322369088,-120.14207256750592
10.546053908451228,-129.21302546597252,-135.60929275146196,-122.59716756450334
10.791703060733198,-131.7161001924386,-138.12124769692042,-125.06924935922038
11.043074116823046,-134.2251447428152,-140.63094477516375,-127.55546457225108
11.300300356982001,-136.73695530812768,-143.13515418383778,-130.0528316765747
11.563518165967386,-139.2482951188807,-145.63068798904308,-132.55826407197603
11.832867105345624,-141.7559237658739,-148.11442840267782,-135.06859564859093
12.108489987489628,-144.25662666871904,-150.58335442852385,-137.58060829683905
12.390532951299813,-146.74724397008018,-153.03456628219354,-140.09106073349
12.679145539688868,-149.22469815956342,-155.4653070875088,-142.59671795280565
12.9744807788714,-151.6860197886531,-157.87298146680152,-145.09438058206104
13.276695259500443,-154.12837072294053,-160.25517076738925,-147.5809134244779
13.58594921969391,-156.54906448409025,-162.60964479335868,-150.0532725094449
13.902406629994958,-158.94558335429258,-164.93437003359114,-152.50853003713405
14.226235280311336,-161.3155920426024,-167.22751448758706,-154.94389669738962
14.55760686887982,-163.65694783799822,-169.48744928544696,-157.35674095454993
14.89669709330289,-165.96770729145354,-171.71274737431952,-159.74460501316852
15.243685743705926,-168.24612957331146,-173.90217959935504,-162.105217306657
15.59875679806431,-170.49067673886535,-176.05470854279295,-164.4365014743274
15.962098519750983,-172.70001120200146,-178.16948050157697,-166.73658190578456
16.33390355735618,-174.87299076335574,-180.245815984046,-169.00378603013698
16.71436904683226,-177.008661566351,-182.28319909258292,-171.23664360767376
17.1036967160178,-179.1062493634752,-184.2812661346652,-173.43388334177595
17.502092991596363,-181.16514946874227,-186.2397937726056,-175.59442716868114
17.90976910854666,-183.18491575339465,-188.1586869852472,-177.7173826033729
18.326941222142125,-185.16524901363223,-190.03796707549625,-179.80203352337986
18.753830522559316,-187.1059850044782,-191.87775991792768,-181.8478297613188
19.19066335215586,-189.0070823955239,-193.67828460242234,-183.85437585463995
19.637671325480177,-190.8686108645603,-195.43984259410084,-185.82141927028582
20.095091452076574,-192.69073950589737,-197.16280749750368,-187.74883838577298
20.56316626215084,-194.4737256929298,-198.847615484499,-189.63663046914328
21.042143935162983,-196.2179045002548,-200.49475642095348,-191.4848998604837
21.53227843141525,-197.92367876001867,-202.10476570673558,-193.2938465190292
22.033829626705252,-199.59150980050083,-203.67821682694688,-195.06375506352987
22.547063450115548,-201.2219088922979,-205.2157145990763,-196.7949844004745
23.072252025012762,-202.81542940874195,-206.71788909068636,-198.48795800544005
23.609673813330996,-204.37265969211154,-208.18539017486742,-200.14315489752337
24.159613763216036,-205.89421660544224,-209.61888268563416,-201.76110132550144
24.722363460108628,-207.3807397409247,-211.01904213230372,-203.34236316689817
25.298221281346937,-208.83288624959064,-212.38655093033384,-204.88753902721723
25.88749255437016,-210.25132625283894,-213.7220951057828,-206.3972540158795
26.490489718607183,-211.63673879396492,-215.02636143120927,-207.8721541674776
27.107532491136094,-212.98980828689304,-216.30003495220933,-209.3129014714364
27.73894803620242,-214.31122141946545,-217.5437968656893,-210.72016946965027
28.385071138685923,-215.60166446964638,-218.7583227132281,-212.09463937979385
29.04624438160799,-216.86182099463986,-219.9442808553541,-213.43699670144704
29.722818327773684,-218.0923698549972,-221.10233119514115,-214.74792826264246
30.415151705644774,-219.29398353815725,-222.2331241221323,-216.0281196656838
31.123611599542322,-220.46732674839504,-223.33729965016343,-217.2782530928916
31.84857364427965,-221.61305523275342,-224.41548672513707,-218.4990054351209
32.59042222432888,-222.7318148151255,-225.4683026811554,-219.6910467083325
33.349550677626695,-223.82424061318505,-226.4963528256386,-220.85503872606205
34.126361504127274,-224.89095641529093,-227.50023013612014,-221.99163399823718
34.92126657921313,-225.93257419678727,-228.4805150533169,-223.101474829369
35.7346873720769,-226.94969375727328,-229.43777535681483,-224.18519259164393
36.56705516918985,-227.94290246240922,-230.37256611130474,-225.24340715082826
37.4188113029757,-228.91277507565843,-231.28542967273677,-226.2767264251481
38.2904073858109,-229.85987366704077,-232.17689574506235,-227.28574605940415
39.18230554947552,-230.78474758749442,-233.04748147939293,-228.27104919852243
40.094978690181605,-231.6879334988149,-233.8976916084428,-229.23320634652117
41.028910719309,-232.56995545037685,-234.7280186100503,-230.17277529849636
41.98459681998162,-233.43132499494882,-235.5389428943904,-231.09030113470058
42.96254370962002,-234.27254133689874,-236.3309330102178,-231.98631626711372
43.96326990860976,-235.0940915069625,-237.10444586612041,-232.86134053009624
44.987306015227716,-235.89645055852773,-237.8599269633266,-233.7158813077804
46.035194986972336,-236.68008178106712,-238.5978106371039,-234.55043369180115
47.10749242844689,-237.44543692696615,-239.31852030422124,-235.36548066381312
48.20476688594839,-238.19295644851584,-240.02246871432322,-236.16149329798355
49.327600148918336,-238.92306974231153,-240.71005820339747,-236.93893097931004
50.47658755841522,-239.6361953987052,-241.38168094780124,-237.69824163419116
51.652338322772195,-240.33274145431454,-242.03771921756564,-238.43986197018694
52.855475840607426,-241.01310564590253,-242.67854562790663,-239.1642177223516
54.08663803135828,-241.67767566421153,-243.3045233880656,-239.87172390391157
55.34647767351465,-242.32682940656863,-243.91600654675733,-240.56278505940105
56.63566275073075,-242.96093522728168,-244.5133402336448,-241.23779551866411
57.954876805998914,-243.5803521850213,-245.09686089637884,-241.89713965038834
59.3048193040731,-244.18543028653258,-245.66689653284152,-242.54119211405944
60.68620600233439,-244.77651072615222,-246.2237669183194,-243.17031810941725
62.09976933029502,-245.3539261207148,-246.767783827407,-243.78487362266102
63.54625877794219,-245.9180007395294,-247.2992512505029,-244.38520566879419
65.0264412931276,-246.46905072918662,-247.81846560481347,-244.97165252962256
66.54110168821333,-247.00738433302553,-248.32571593982433,-245.54454398702444
68.09104305618976,-247.53330210514736,-248.82128413723592,-246.10420155120076
69.67708719648608,-248.047097118913,-249.30544510539065,-246.65093868369067
71.30007505069926,-248.54905516990016,-249.77846696824463,-247.1850610150028
72.96086714847239,-249.03945497333217,-250.24061124895684,-247.706866556765
74.66034406375888,-249.51856835601714,-250.69213304818646,-248.21664590834558
76.39940688171447,-249.9866604428601,-251.13328121720178,-248.71468245793346
78.17897767646444,-250.4439898380296,-251.5642985259132,-249.20125257809846
79.99999999999957,-250.89080880087445,-251.98542182595415,-249.6766258158799
81.86343938245989,-251.32736341669985,-252.39688220893578,-250.14106507747243
83.7702838440715,-251.75389376251877,-252.79890516000742,-250.59482680759498
85.72154441900804,-252.17063406790484,-253.19171070685755,-251.03816116364425
87.71825569145432,-252.57781287107485,-253.57551356428982,-251.47131218474425
89.76147634415658,-252.97565317033343,-253.9505232745115,-251.8945179558105
91.8522897197501,-253.36437257101588,-254.31694434326752,-252.30801076675698
93.99180439516184,-253.74418342806325,-254.67497637195646,-252.7120172669743
96.18115476939249,-254.11529298436594,-255.0248141858592,-253.10675861521477
98.42150166498996,-254.47790350501043,-255.36664795861134,-253.4924506250165
100.7140329435328,-254.83221240756174,-255.70066333304592,-253.86930390580483
103.05996413545013,-255.17841238851287,-256.0270415385326,-254.23752399980418
105.46053908451196,-255.51669154603024,-256.34595950493315,-254.59731151489507
107.91703060733167,-255.84723349912068,-256.6575899732936,-254.94886225354858
110.43074116823014,-256.17021750334237,-256.9621016033865,-255.2923673379679
113.00300356981968,-256.4858185631813,-257.2596590782167,-255.62801333156517
115.63518165967352,-256.7942075412076,-257.5504232055983,-255.95598235689752
118.32867105345589,-257.0955512641268,-257.8345510169088,-256.27645221018486
121.08489987489592,-257.3900126258348,-258.1121958631214,-256.58959647252686
123.90532951299775,-257.6777506875838,-258.3835075082159,-256.89558461793564
126.7914553968883,-257.9589207753622,-258.64863222006284,-257.19458211829397
129.7448077887136,-258.2336745745878,-258.90771285887394,-257.4867505453504
132.76695259500403,-258.5021602222132,-259.1608889633088,-257.77224766985285
135.8594921969387,-258.76452239633375,-259.4082968343256,-258.05122755792564
139.02406629994917,-259.02090240339226,-259.65006961685856,-258.323840664786
142.26235280311292,-259.27143826306593,-259.88633737940677,-258.59023392589773
145.57606868879773,-259.51626479092084,-260.117227191611,-258.85055084565147
148.96697093302842,-259.7555136789179,-260.34286319989843,-259.10493158366285
152.43685743705876,-259.98931357384794,-260.5633667012688,-259.35351303877496
155.98756798064258,-260.21779015377484,-260.7788562152958,-259.59642893084657
159.6209851975093,-260.4410662025612,-260.9894475544156,-259.8338098804092
163.33903557356123,-260.6592616825502,-261.1952538925718,-260.0657834862701
167.143690468322,-260.87249380547405,-261.39638583228464,-260.29247440113795
171.0369671601774,-261.0808771016585,-261.59295147021277,-260.51400440534377
175.020929915963,-261.28452348759095,-261.7850564612713,-260.73049247872996
179.09769108546593,-261.48354233191867,-261.97280408137283,-260.94205487077596
183.26941222142057,-261.67804051993954,-262.15629528885324,-261.14880516902883
187.53830522559247,-261.86812251665253,-262.33562878464653,-261.3508543659043
191.9066335215579,-262.0538904284245,-262.51090107127015,-261.5483109239226
196.37671325480105,-262.23544406334014,-262.68220651068316,-261.7412808394427
200.950914520765,-262.41288099029094,-262.8496373810788,-261.92986770495565
205.63166262150764,-262.58629659686505,-263.01328393267266,-262.1141727699978
210.42143935162906,-262.7557841460959,-263.17323444254765,-262.2942950007432
215.32278431415173,-262.921434832129,-263.329575268619,-262.4703311383337
220.33829626705176,-263.083337834865,-263.4823909027793,-262.6423757560046
225.4706345011547,-263.2415803736357,-263.6317640232881,-262.8105213150622
230.72252025012682,-263.3962477599749,-263.7777755464686,-262.974858219771
236.09673813330915,-263.5474234495379,-263.92050467777625,-263.13547487120553
241.59613763215953,-263.6951890932333,-264.06002896230433,-263.2924577201238
247.22363460108542,-263.8396245876219,-264.19642433479544,-263.44589131891803
252.98221281346846,-263.9808081246482,-264.3297651692243,-263.59585837269884
258.87492554370067,-264.1188162407597,-264.46012432802604,-263.7424397895689
264.90489718607085,-264.25372386548156,-264.5875732110396,-263.8857147301444
271.07532491136,-264.3856043695072,-264.7121818042431,-264.0257606563791
277.3894803620232,-264.51452961237084,-264.8340187283575,-264.16265337975244
283.8507113868582,-264.6405699897689,-264.95315128740054,-264.2964671088777
290.46244381607886,-264.76379448059924,-265.06964551727253,-264.4272744965936
297.22818327773575,-264.88427069378923,-265.18356623446334,-264.55514668659833
304.1515170564466,-265.0020649149862,-265.29497708497036,-264.68015335969096
311.23611599542204,-265.11724215318657,-265.4039405935232,-264.80236277968487
318.4857364427953,-265.2298661873842,-265.5105182132148,-264.92184183905954
325.9042222432876,-265.33999961331824,-265.61477037564424,-265.0386561044207
333.4955067762657,-265.44770389041,-265.7167565416814,-265.15286986184014
341.2636150412714,-265.5530393889769,-265.8165352529696,-265.2645461621495
349.21266579213,-265.65606543781894,-265.91416418428895,-265.3737468662655
357.34687372076763,-265.7568403722781,-266.0097001969102,-265.4805326906278
365.67055169189706,-265.85542158287444,-266.1031993930756,-265.5849632528329
374.1881130297555,-265.9518655646291,-266.1947171717525,-265.68709711755366
382.90407385810755,-266.0462279671911,-266.28430828581213,-265.7869918428352
391.82305549475376,-266.13856364589066,-266.37202690079863,-265.8847040268669
400.94978690181455,-266.2289267138485,-266.4579266554595,-265.98028935533017
410.2891071930885,-266.3173705952795,-266.5420607242227,-266.0738026494326
419.8459681998146,-266.40394808013536,-266.6244818818157,-266.1652979147392
429.6254370961986,-266.48871138024214,-266.7052425702341,-266.25482839092433
439.63269908609595,-266.5717121870956,-266.78439496828287,-266.3424466025687
449.87306015227546,-266.65300173149,-266.86199106392525,-266.4282044111376
460.35194986972164,-266.7326308451649,-266.9380827296909,-266.5121530682824
471.07492428446716,-266.81065002466715,-267.0127218014131,-266.5943432706181
482.0476688594821,-266.8871094976398,-267.08596016058027,-266.6748252161354
493.2760014891815,-266.9620592917595,-267.15784982060734,-266.7536486624207
504.76587558415025,-267.0355493065627,-267.2284430173547,-266.83086298686436
516.5233832277199,-267.1076293884144,-267.2977923042418,-266.90651724905075
528.5547584060722,-267.1783494088911,-267.3659506523288,-266.98066025553686
540.8663803135807,-267.2477593468669,-267.4329715557635,-267.05334062723796
553.4647767351444,-267.3159093746135,-267.49890914301966,-267.12460686965517
566.3566275073053,-267.38284994824244,-267.56381829438055,-267.1945074461936
579.548768059987,-267.44863190284417,-267.627754766155,-267.263090854838
593.0481930407288,-267.5133065527002,-267.69077532214436,-267.33040570846947
606.8620600233417,-267.5769257969709,-267.7529378729185,-267.3965008191268
620.9976933029479,-267.63954223129014,-267.8143016234942,-267.4614252865365
635.4625877794196,-267.70120926572815,-267.8749272300535,-267.52522859125736
650.2644129312736,-267.7619812496132,-267.93487696638306,-267.58796069280993
665.4110168821309,-267.8219136037415,-267.9942149007621,-267.6496721331853
680.910430561895,-267.88106296053695,-268.0530070840815,-267.71041414615695
696.7708719648582,-267.9394873127644,-268.1113217500263,-267.77023877284716
713.0007505069899,-267.9972461714428,-268.16922952821665,-267.8291989840304
729.6086714847211,-268.05440073364616,-268.2268036712626,-267.88734880969264
746.6034406375859,-268.11101406093445,-268.2841202967572,-267.94474347639755
763.9940688171416,-268.1671512692023,-268.3412586453017,-268.00143955305305
781.7897767646413,-268.22287973079386,-268.39830135573726,-268.05749510571025
799.9999999999925,-268.27826928978953,-268.4553347588362,-268.11296986207293
818.6343938245956,-268.3333924914325,-268.5124491907963,-268.1679253864423
837.7028384407117,-268.3883248267356,-268.5697393279745,-268.2224252658736
857.215444190077,-268.4431449933771,-268.627304544398,-268.2765353083752
877.1825569145398,-268.49793517407545,-268.685249293696,-268.330323754038
897.6147634415623,-268.55278133371553,-268.7436835172123,-268.38386150004925
918.5228971974975,-268.60777353658625,-268.80272308017845,-268.4372223406067
939.9180439516147,-268.6630062851895,-268.8624902379597,-268.4904832228255
961.8115476939212,-268.71857888217625,-268.923114134522,-268.54372451980305
984.2150166498958,-268.7745958170799,-268.9847313354169,-268.5970303220923
1007.1403294353241,-268.8311671796285,-269.04748639773703,-268.6504887489185
1030.5996413544972,-268.88840910154454,-269.1115324796603,-268.7041922805712
1054.6053908451154,-268.9464442288709,-269.1770319923758,-268.7582381134999
1079.1703060733123,-269.0054022270015,-269.24415729737024,-268.81272853975264
1104.307411682297,-269.06542032074555,-269.3130914522488,-268.8677713525069
1130.0300356981923,-269.12664387191126,-269.38402900846705,-268.92348027956626
1156.3518165967305,-269.1892269970628,-269.4571768645685,-268.9799754468247
1183.286710534554,-269.25333322828214,-269.5327551787418,-269.03738387383896
1210.8489987489543,-269.3191362199524,-269.61099834474635,-269.0958400037945
1239.0532951299724,-269.3868205047795,-269.69215603549253,-269.155486270308
1267.9145539688777,-269.4565823024734,-269.77649431880644,-269.21647370367344
1297.4480778871305,-269.52863038472674,-269.86429685015736,-269.27896257933224
1327.6695259500345,-269.6031870003541,-269.9558661473732,-269.3431231115344
1358.5949219693812,-269.68048886468955,-270.0515249526104,-269.4091361953514
1390.2406629994857,-269.7607882175771,-270.15161768708236,-269.47719420040335
1422.6235280311232,-269.844353954537,-270.2565120042631,-269.54750181988055
1455.7606868879714,-269.9314728359355,-270.36660044748095,-269.6202769786586
1489.6697093302782,-270.02245077923425,-270.48230221796865,-269.6957518045396
1524.3685743705817,-270.11761423963503,-270.6040650595487,-269.77417366688974
1559.8756798064198,-270.21731168466874,-270.73236726616904,-269.8558062871862
1596.2098519750868,-270.3219151684875,-270.86771981845834,-269.940930926235
1633.3903557356061,-270.43182201180826,-271.01066865530646,-270.0298476530668
1671.4369046832137,-270.5474565935998,-271.1617970861617,-270.12287670076176
1710.3696716017673,-270.66927226070453,-271.3217283492357,-270.22035991468914
1750.2092991596232,-270.7977533616036,-271.49112832006284,-270.32266229886494
1790.9769108546525,-270.9334174104709,-271.670708373816,-270.430173666325
1832.6941222141988,-271.0768173874615,-271.86122840335435,-270.54331039957196
1875.3830522559176,-271.22854418083824,-272.0634999930828,-270.6625173272619
1919.0663352155718,-271.38922917598467,-272.27838974622335,-270.7882697233441
1963.7671325480032,-271.5595469955566,-272.5068227598914,-270.92107543482194
2009.5091452076424,-271.74021839390076,-272.7497862382871,-271.0614771441496
2056.316626215069,-271.93201330735513,-273.00833322913576,-271.21005477197315
2104.214393516283,-272.13575406003457,-273.28358646202463,-271.36742802543745
2153.2278431415093,-272.3523187220839,-273.57674225919004,-271.53425909655067
2203.382962670509,-272.58264461400523,-273.8890744792983,-271.71125551407295
2254.7063450115384,-272.8277319463672,-274.22193844243725,-271.8991731509953
2307.2252025012594,-273.0886475787759,-274.5767747694601,-272.0988193878095
2360.967381333083,-273.36652887518244,-274.955113050503,-272.31105642932624
2415.9613763215866,-273.66258762413696,-275.35857523536396,-272.53680476964314
2472.2363460108454,-273.9781139821334,-275.78887861188844,-272.7770467958365
2529.822128134676,-274.31448038532153,-276.2478382069132,-273.0328305158478
2588.749255436998,-274.67314535915096,-276.73736840704174,-273.3052733896341
2649.0489718606996,-275.05565713643443,-277.25948355298067,-273.5955662346689
2710.7532491135903,-275.46365697131404,-277.81629721089837,-273.9049771669912
2773.8948036202223,-275.898882009059,-278.41001976707753,-274.23485552683087
2838.507113868572,-276.363167538895,-279.042953928204,-274.586635722946
2904.6244381607785,-276.85844841851497,-279.7174876397972,-274.96184091170016
2972.281832777347,-277.3867594140025,-280.4360838612614,-275.3620864050294
3041.5151705644553,-277.9502341471933,-281.2012665608284,-275.7890826751964
3112.3611599542096,-278.5511022838694,-282.01560222200135,-276.244637792971
3184.857364427942,-279.19168453093556,-282.8816760919503,-276.7306590989707
3259.0422224328645,-279.8743849398504,-283.8020623614049,-277.2491538647623
3334.955067762645,-280.6016799390371,-284.7792874579815,-277.8022286504964
3412.6361504127017,-281.376103443116,-285.8157856772588,-278.3920870090989
3492.126657921287,-282.2002273167238,-286.91384648865886,-279.02102512354605
3573.4687372076633,-283.07663641292544,-288.0755530597173,-279.69142489426594
3656.7055169189575,-284.0078973711749,-289.3027118676489,-280.40574391991953
3741.881130297542,-284.9965203612323,-290.59677373489745,-281.16650173961756
3829.0407385810618,-286.0449130148748,-291.9587472534987,-281.9762616326437
3918.2305549475236,-287.15532591772455,-293.3891063572879,-282.8376072097819
4009.497869018131,-288.32978926298165,-294.887694746851,-283.7531129879475
4102.891071930871,-289.5700406222827,-296.4536309263284,-284.7253081298222
4198.459681998132,-290.8774442891862,-298.0852186936454,-285.75663256905136
4296.254370961971,-292.25290331380705,-299.7798689153324,-286.84938484941443
4396.3269908609445,-293.69676617505905,-301.5340391544292,-288.0056612065015
4498.73060152274,-295.2087310100403,-303.3431980206825,-289.22728573774475
4603.519498697201,-296.7877513878417,-305.2018207930754,-290.5157319650329
4710.749242844656,-298.4319486889297,-307.1034217814506,-291.87203671192566
4820.476688594805,-300.138537101588,-309.04062698602246,-293.29670800135636
4932.760014891798,-301.90376790760314,-311.0052879448814,-294.78962961669714
5047.658755841485,-303.72289991382644,-312.9886344420363,-296.34996601787327
5165.233832277181,-305.5902024159895,-314.98146033463183,-297.97607238719536
5285.547584060703,-307.49899582591917,-316.9743335958133,-299.66541557820005
5408.663803135788,-309.44173301575165,-318.957819224309,-301.41451249783563
5534.647767351424,-311.4101216268774,-320.92270232944645,-303.2188927845294
5663.5662750730335,-313.39528430037956,-322.8601986817518,-305.07309236786875
5795.487680599849,-315.3879503871046,-324.7621413275793,-306.9706834621383
5930.481930407267,-317.37866964811406,-326.62113428612525,-308.9043446889294
6068.620600233396,-319.35803621635125,-328.4306674958468,-310.8659723989268
6209.9769330294575,-321.3169100155916,-330.1851905905908,-312.8468310723192
6354.625877794174,-323.24662310069647,-331.88014631389893,-314.83773726563356
6502.644129312714,-325.1391599492494,-333.51196706711863,-316.82926838398265
6654.110168821286,-326.9873033426875,-335.0780400171426,-318.8119850580141
6809.104305618927,-328.78474071742335,-336.57664729504415,-320.77665448768323
6967.708719648558,-330.5261292745652,-338.0068881552427,-322.71446201297834
7130.007505069875,-332.2071212752496,-339.3685896786676,-324.6171994018681
7296.086714847186,-333.8243534884761,-340.6622118754549,-326.47742070535077
7466.034406375834,-335.37540651544566,-341.88875205772536,-328.28855964410684
7639.94068817139,-336.8587406500558,-343.04965227126667,-330.0450058993609
7817.897767646386,-338.2736151285424,-344.1467125187147,-331.7421409293511
7999.999999999897,-339.6199972268058,-345.1820115572779,-333.37633665922687
8186.343938245927,-340.898466867614,-346.15783625540206,-334.94492237122
8377.028384407087,-342.11012138289016,-347.07661986010817,-336.4461262770854
8572.154441900739,-343.256483991629,-347.94088905476326,-337.87899863699823
8771.825569145365,-344.3394185151768,-348.75321935813804,-339.24332303680467
8976.147634415589,-345.3610519315302,-349.5161982061548,-340.53952173006644
9185.22897197494,-346.32370560633336,-350.23239494275,-341.7685599780581
9399.180439516113,-347.22983544047776,-350.9043369022494,-342.9318532419622
9618.115476939176,-348.0819807341383,-351.5344907721328,-344.03118002166633
9842.150166498921,-348.8827212653716,-352.1252484652383,-345.0686021783839
10071.403294353204,-349.6346418938693,-352.67891679119595,-346.0463937701025
